login,html_url
tj,https://github.com/tj
kunal-kushwaha,https://github.com/kunal-kushwaha
angelabauer,https://github.com/angelabauer
jlord,https://github.com/jlord
Elfocrash,https://github.com/Elfocrash
alyssaxuu,https://github.com/alyssaxuu
eddiejaoude,https://github.com/eddiejaoude
daneden,https://github.com/daneden
LaravelDaily,https://github.com/LaravelDaily
jskeet,https://github.com/jskeet
mattdesl,https://github.com/mattdesl
cloudflare,https://github.com/cloudflare
nicklockwood,https://github.com/nicklockwood
jgthms,https://github.com/jgthms
bizz84,https://github.com/bizz84
samuelcolvin,https://github.com/samuelcolvin
Lissy93,https://github.com/Lissy93
jgilfelt,https://github.com/jgilfelt
sonnysangha,https://github.com/sonnysangha
nickbutcher,https://github.com/nickbutcher
florina-muntenescu,https://github.com/florina-muntenescu
pydanny,https://github.com/pydanny
SaraVieira,https://github.com/SaraVieira
dsyer,https://github.com/dsyer
trueadm,https://github.com/trueadm
matryer,https://github.com/matryer
adamchainz,https://github.com/adamchainz
gordicaleksa,https://github.com/gordicaleksa
lewagon,https://github.com/lewagon
threepointone,https://github.com/threepointone
lizrice,https://github.com/lizrice
Soldy,https://github.com/Soldy
londonappbrewery,https://github.com/londonappbrewery
jasondavies,https://github.com/jasondavies
sdiehl,https://github.com/sdiehl
ArefMq,https://github.com/ArefMq
steveruizok,https://github.com/steveruizok
Archakov06,https://github.com/Archakov06
mlabonne,https://github.com/mlabonne
appbrewery,https://github.com/appbrewery
jspahrsummers,https://github.com/jspahrsummers
emilsjolander,https://github.com/emilsjolander
dli,https://github.com/dli
lucasr,https://github.com/lucasr
TryCatchLearn,https://github.com/TryCatchLearn
riggaroo,https://github.com/riggaroo
paullewis,https://github.com/paullewis
soulwire,https://github.com/soulwire
spite,https://github.com/spite
MachineLearnia,https://github.com/MachineLearnia
gajus,https://github.com/gajus
mvdan,https://github.com/mvdan
0atman,https://github.com/0atman
kylef,https://github.com/kylef
passy,https://github.com/passy
laurent22,https://github.com/laurent22
canonical,https://github.com/canonical
slightfoot,https://github.com/slightfoot
VagrantStory,https://github.com/VagrantStory
lpil,https://github.com/lpil
praveenscience,https://github.com/praveenscience
christiannwamba,https://github.com/christiannwamba
audreyfeldroy,https://github.com/audreyfeldroy
PaulKinlan,https://github.com/PaulKinlan
atherosai,https://github.com/atherosai
cortinico,https://github.com/cortinico
fabiospampinato,https://github.com/fabiospampinato
fluttercommunity,https://github.com/fluttercommunity
robmarkcole,https://github.com/robmarkcole
TodePond,https://github.com/TodePond
nicholasjackson,https://github.com/nicholasjackson
weavejester,https://github.com/weavejester
kitten,https://github.com/kitten
MaggieAppleton,https://github.com/MaggieAppleton
HariSekhon,https://github.com/HariSekhon
paritytech,https://github.com/paritytech
ohld,https://github.com/ohld
Patalin,https://github.com/Patalin
derickr,https://github.com/derickr
ItzLevvie,https://github.com/ItzLevvie
serengil,https://github.com/serengil
BYK,https://github.com/BYK
keithamus,https://github.com/keithamus
bee-san,https://github.com/bee-san
ForbesLindesay,https://github.com/ForbesLindesay
lovell,https://github.com/lovell
sergiecode,https://github.com/sergiecode
petebacondarwin,https://github.com/petebacondarwin
jacobbinnie,https://github.com/jacobbinnie
sebastianstarke,https://github.com/sebastianstarke
ualehosaini,https://github.com/ualehosaini
kadikraman,https://github.com/kadikraman
umaar,https://github.com/umaar
jcoglan,https://github.com/jcoglan
mikedewar,https://github.com/mikedewar
albinotonnina,https://github.com/albinotonnina
peter-lawrey,https://github.com/peter-lawrey
samdutton,https://github.com/samdutton
a7v8x,https://github.com/a7v8x
nelstrom,https://github.com/nelstrom
postspectacular,https://github.com/postspectacular
dylanbeattie,https://github.com/dylanbeattie
jackfranklin,https://github.com/jackfranklin
Lukasa,https://github.com/Lukasa
bashtage,https://github.com/bashtage
benjojo,https://github.com/benjojo
bookercodes,https://github.com/bookercodes
kelset,https://github.com/kelset
OlafenwaMoses,https://github.com/OlafenwaMoses
arkivanov,https://github.com/arkivanov
abreslav,https://github.com/abreslav
MicheleBertoli,https://github.com/MicheleBertoli
jevakallio,https://github.com/jevakallio
MattIPv4,https://github.com/MattIPv4
jakewright,https://github.com/jakewright
RichardWarburton,https://github.com/RichardWarburton
benanne,https://github.com/benanne
sixeyed,https://github.com/sixeyed
snyk,https://github.com/snyk
FranxYao,https://github.com/FranxYao

